グループ ポリシー名,Active Directory ターゲット,MDM サポート,不明な設定,AD でターゲット指定,最終インポート
"ActivexDisable","ActivexDisable","0%","","はい","Fri May 22 2026 17:35:38 GMT+0900 (日本標準時)"
"ActivexEnable","ActivexEnable","0%","","いいえ","Fri May 22 2026 17:35:37 GMT+0900 (日本標準時)"
"AutoShareWksDisable","AutoShareWksDisable","0%","","はい","Fri May 22 2026 17:35:38 GMT+0900 (日本標準時)"
"AutoShareWksEnable","AutoShareWksEnable","0%","","はい","Fri May 22 2026 17:35:37 GMT+0900 (日本標準時)"
"BitlockerSetting","BitlockerSetting","100%","","はい","Fri May 22 2026 16:37:57 GMT+0900 (日本標準時)"
"BitlockerSetting","BitlockerSetting","100%","","はい","Fri May 22 2026 17:35:36 GMT+0900 (日本標準時)"
"BitlockerSetting","BitlockerSetting","100%","","はい","Fri May 22 2026 17:35:39 GMT+0900 (日本標準時)"
"Default Domain Controllers Policy","Default Domain Controllers Policy","54%","","はい","Fri May 22 2026 17:35:37 GMT+0900 (日本標準時)"
"Default Domain Policy","Default Domain Policy","26%","","はい","Fri May 22 2026 17:35:37 GMT+0900 (日本標準時)"
"DefenderOff","DefenderOff","0%","","はい","Fri May 22 2026 17:35:37 GMT+0900 (日本標準時)"
"DefenderOn","DefenderOn","0%","","いいえ","Fri May 22 2026 17:35:38 GMT+0900 (日本標準時)"
"DigitalArtsSSLCert","DigitalArtsSSLCert","ポリシーに設定がありません","","はい","Fri May 22 2026 17:35:37 GMT+0900 (日本標準時)"
"EdgeBlockExternalExtensions","EdgeBlockExternalExtensions","100%","","はい","Fri May 22 2026 16:37:57 GMT+0900 (日本標準時)"
"EdgeBlockExternalExtensions","EdgeBlockExternalExtensions","100%","","はい","Fri May 22 2026 17:35:36 GMT+0900 (日本標準時)"
"EdgeBlockExternalExtensions","EdgeBlockExternalExtensions","100%","","はい","Fri May 22 2026 17:35:39 GMT+0900 (日本標準時)"
"EdgeIeMode","EdgeIeMode","50%","","はい","Fri May 22 2026 17:35:37 GMT+0900 (日本標準時)"
"EdgeInprivatemodeEnabele","EdgeInprivatemodeEnabele","100%","","いいえ","Fri May 22 2026 17:35:37 GMT+0900 (日本標準時)"
"EdgePopUpEnable","EdgePopUpEnable","100%","","はい","Fri May 22 2026 16:37:58 GMT+0900 (日本標準時)"
"EdgePopUpEnable","EdgePopUpEnable","100%","","はい","Fri May 22 2026 17:35:35 GMT+0900 (日本標準時)"
"EdgePopUpEnable","EdgePopUpEnable","100%","","はい","Fri May 22 2026 17:35:39 GMT+0900 (日本標準時)"
"IEConfig","IEConfig","25%","","はい","Fri May 22 2026 16:37:57 GMT+0900 (日本標準時)"
"IEConfig","IEConfig","25%","","はい","Fri May 22 2026 17:35:37 GMT+0900 (日本標準時)"
"IEConfig","IEConfig","25%","","はい","Fri May 22 2026 17:35:39 GMT+0900 (日本標準時)"
"IEConfigCompatibilityViewIntranet_削除してもよい？","IEConfigCompatibilityViewIntranet__","100%","","いいえ","Fri May 22 2026 16:37:57 GMT+0900 (日本標準時)"
"IEConfigCompatibilityViewIntranet_削除してもよい？","IEConfigCompatibilityViewIntranet__","100%","","いいえ","Fri May 22 2026 17:35:36 GMT+0900 (日本標準時)"
"IEConfigCompatibilityViewIntranet_削除してもよい？","IEConfigCompatibilityViewIntranet__","100%","","いいえ","Fri May 22 2026 17:35:39 GMT+0900 (日本標準時)"
"intune auto enrollment","intune auto enrollment","96%","","はい","Fri May 22 2026 16:37:58 GMT+0900 (日本標準時)"
"intune auto enrollment","intune auto enrollment","96%","","はい","Fri May 22 2026 17:35:35 GMT+0900 (日本標準時)"
"intune auto enrollment","intune auto enrollment","96%","","はい","Fri May 22 2026 17:35:38 GMT+0900 (日本標準時)"
"MainteTerminalLoginSetting","MainteTerminalLoginSetting","ポリシーに設定がありません","","はい","Fri May 22 2026 17:35:37 GMT+0900 (日本標準時)"
"OfficeAppAutoSaveOff","OfficeAppAutoSaveOff","100%","","はい","Fri May 22 2026 17:35:37 GMT+0900 (日本標準時)"
"OfficeUpdateFilePath","OfficeUpdateFilePath","0%","","はい","Fri May 22 2026 17:35:37 GMT+0900 (日本標準時)"
"OfflinefileDisable","OfflinefileDisable","100%","","はい","Fri May 22 2026 15:55:32 GMT+0900 (日本標準時)"
"OfflinefileDisable","OfflinefileDisable","100%","","はい","Fri May 22 2026 16:37:58 GMT+0900 (日本標準時)"
"OfflinefileDisable","OfflinefileDisable","100%","","はい","Fri May 22 2026 17:35:35 GMT+0900 (日本標準時)"
"OfflinefileDisable","OfflinefileDisable","100%","","はい","Fri May 22 2026 17:35:38 GMT+0900 (日本標準時)"
"OfflinefileEnable","OfflinefileEnable","100%","","いいえ","Fri May 22 2026 16:37:58 GMT+0900 (日本標準時)"
"OfflinefileEnable","OfflinefileEnable","100%","","いいえ","Fri May 22 2026 17:35:35 GMT+0900 (日本標準時)"
"OfflinefileEnable","OfflinefileEnable","100%","","いいえ","Fri May 22 2026 17:35:39 GMT+0900 (日本標準時)"
"OutlookSetting","OutlookSetting","100%","","はい","Fri May 22 2026 16:37:58 GMT+0900 (日本標準時)"
"OutlookSetting","OutlookSetting","100%","","はい","Fri May 22 2026 17:35:35 GMT+0900 (日本標準時)"
"OutlookSetting","OutlookSetting","100%","","はい","Fri May 22 2026 17:35:39 GMT+0900 (日本標準時)"
"PermissionforForensicUSB","PermissionforForensicUSB","100%","","いいえ","Fri May 22 2026 16:37:58 GMT+0900 (日本標準時)"
"PermissionforForensicUSB","PermissionforForensicUSB","100%","","いいえ","Fri May 22 2026 17:35:35 GMT+0900 (日本標準時)"
"PermissionforForensicUSB","PermissionforForensicUSB","100%","","いいえ","Fri May 22 2026 17:35:38 GMT+0900 (日本標準時)"
"PowerShellLogging","PowerShellLogging","100%","","はい","Fri May 22 2026 16:37:57 GMT+0900 (日本標準時)"
"PowerShellLogging","PowerShellLogging","100%","","はい","Fri May 22 2026 17:35:36 GMT+0900 (日本標準時)"
"PowerShellLogging","PowerShellLogging","100%","","はい","Fri May 22 2026 17:35:39 GMT+0900 (日本標準時)"
"RDPDisable","RDPDisable","100%","","はい","Fri May 22 2026 16:37:58 GMT+0900 (日本標準時)"
"RDPDisable","RDPDisable","100%","","はい","Fri May 22 2026 17:35:35 GMT+0900 (日本標準時)"
"RDPDisable","RDPDisable","100%","","はい","Fri May 22 2026 17:35:38 GMT+0900 (日本標準時)"
"RDPEnable","RDPEnable","100%","","いいえ","Fri May 22 2026 17:35:37 GMT+0900 (日本標準時)"
"RemovableDiskControl","RemovableDiskControl","83%","","はい","Fri May 22 2026 17:35:38 GMT+0900 (日本標準時)"
"RemovableDiskControlDisable","RemovableDiskControlDisable","83%","","はい","Fri May 22 2026 17:35:38 GMT+0900 (日本標準時)"
"ScreensaverConfig","ScreensaverConfig","100%","","はい","Fri May 22 2026 17:35:38 GMT+0900 (日本標準時)"
"ScreensaverImageEnforce","ScreensaverImageEnforce","66%","","はい","Fri May 22 2026 17:35:38 GMT+0900 (日本標準時)"
"ScreensaverOff","ScreensaverOff","100%","","いいえ","Fri May 22 2026 16:37:58 GMT+0900 (日本標準時)"
"ScreensaverOff","ScreensaverOff","100%","","いいえ","Fri May 22 2026 17:35:35 GMT+0900 (日本標準時)"
"ScreensaverOff","ScreensaverOff","100%","","いいえ","Fri May 22 2026 17:35:39 GMT+0900 (日本標準時)"
"SystemProtectDisable_削除","SystemProtectDisable__","100%","","いいえ","Fri May 22 2026 17:35:38 GMT+0900 (日本標準時)"
"SystemProtectEnable_削除","SystemProtectEnable__","100%","","いいえ","Fri May 22 2026 17:35:38 GMT+0900 (日本標準時)"
"WbCertCtrl","WbCertCtrl","66%","","はい","Fri May 22 2026 16:37:57 GMT+0900 (日本標準時)"
"WbCertCtrl","WbCertCtrl","66%","","はい","Fri May 22 2026 17:35:36 GMT+0900 (日本標準時)"
"WbCertCtrl","WbCertCtrl","66%","","はい","Fri May 22 2026 17:35:39 GMT+0900 (日本標準時)"
"WindowsHelloTest","WindowsHelloTest","0%","","はい","Fri May 22 2026 17:35:37 GMT+0900 (日本標準時)"
"WindowsUACOff_削除","WindowsUACOff__","0%","","いいえ","Fri May 22 2026 17:35:38 GMT+0900 (日本標準時)"
"WindowsUACOn_削除","WindowsUACOn__","0%","","いいえ","Fri May 22 2026 16:37:57 GMT+0900 (日本標準時)"
"WindowsUACOn_削除","WindowsUACOn__","0%","","いいえ","Fri May 22 2026 17:35:36 GMT+0900 (日本標準時)"
"WindowsUACOn_削除","WindowsUACOn__","0%","","いいえ","Fri May 22 2026 17:35:39 GMT+0900 (日本標準時)"
"WinStartMassage","WinStartMassage","0%","","はい","Fri May 22 2026 16:37:57 GMT+0900 (日本標準時)"
"WinStartMassage","WinStartMassage","0%","","はい","Fri May 22 2026 17:35:36 GMT+0900 (日本標準時)"
"WinStartMassage","WinStartMassage","0%","","はい","Fri May 22 2026 17:35:39 GMT+0900 (日本標準時)"
"WSUSUpdate_Cloud4","WSUSUpdate_Cloud4","12%","","はい","Fri May 22 2026 17:35:37 GMT+0900 (日本標準時)"
"WSUSUpdate_Cloud5","WSUSUpdate_Cloud5","37%","","いいえ","Fri May 22 2026 17:35:38 GMT+0900 (日本標準時)"
"WSUSUpdate_No","WSUSUpdate_No","ポリシーに設定がありません","","いいえ","Fri May 22 2026 16:37:58 GMT+0900 (日本標準時)"
"WSUSUpdate_No","WSUSUpdate_No","ポリシーに設定がありません","","いいえ","Fri May 22 2026 17:35:35 GMT+0900 (日本標準時)"
"WSUSUpdate_No","WSUSUpdate_No","ポリシーに設定がありません","","いいえ","Fri May 22 2026 17:35:39 GMT+0900 (日本標準時)"
